,City,Lat,Lng,Max_Temp,Humidity,Cloudiness,Wind_Speed,Country,Date
0,Toucheng,24.86,121.82,304.15,70,59,3.6,TW,1594570279
1,Busselton,-33.65,115.33,287.04,79,60,7.1,AU,1594570280
2,Bogoslovka,53.21,44.8,301.48,34,0,2.31,RU,1594570280
3,Hambantota,6.12,81.12,301.15,78,75,3.6,LK,1594570280
4,Upernavik,72.79,-56.15,278.75,83,99,4.37,GL,1594570254
5,Muravlenko,63.79,74.52,289.57,70,58,3.87,RU,1594570280
6,Aklavik,68.22,-135.01,282.15,93,75,2.1,CA,1594570280
7,Lüderitz,-26.65,15.16,291.15,59,0,3.6,NA,1594570280
8,Chui,-33.7,-53.46,285.71,56,31,3.15,UY,1594570281
9,Klaksvík,62.23,-6.59,284.15,93,100,3.6,FO,1594570281
10,Half Moon Bay,37.46,-122.43,294.26,87,75,2.01,US,1594570281
11,Albany,42.6,-73.97,302.15,51,75,5.7,US,1594570236
12,Qaanaaq,77.48,-69.36,280.81,60,76,1.0,GL,1594570281
13,Mar del Plata,-38.0,-57.56,282.15,42,0,8.2,AR,1594570079
14,Saint-Joseph,-21.37,55.62,293.15,82,34,2.1,RE,1594570281
15,Cape Town,-33.93,18.42,291.15,42,0,8.7,ZA,1594569867
16,Atuona,-9.8,-139.03,299.48,77,36,10.06,PF,1594570253
17,Hilo,19.73,-155.09,296.15,78,90,2.1,US,1594570244
18,Cabo San Lucas,22.89,-109.91,306.15,49,75,1.5,MX,1594570204
19,Margate,51.38,1.39,294.82,46,68,0.89,GB,1594570282
20,Lorengau,-2.02,147.27,300.82,77,87,2.06,PG,1594570282
21,Butaritari,3.07,172.79,301.01,80,73,6.99,KI,1594570282
22,Boddam,57.47,-1.78,289.82,62,67,5.1,GB,1594570282
23,Tommot,58.96,126.29,294.04,63,2,0.69,RU,1594570283
24,Yellowknife,62.46,-114.35,292.04,72,75,1.0,CA,1594570117
25,Bluff,-46.6,168.33,277.04,83,48,1.34,NZ,1594570283
26,Dikson,73.51,80.55,279.15,97,86,3.01,RU,1594570283
27,Houma,29.6,-90.72,307.59,74,1,2.1,US,1594570149
28,Namysłów,51.08,17.72,294.82,45,42,4.1,PL,1594570283
29,Saint Paul Harbor,57.79,-152.41,285.15,87,90,1.5,US,1594570283
30,Lavrentiya,65.58,-171.0,279.42,81,0,1.61,RU,1594570283
31,Pangnirtung,66.15,-65.71,281.76,70,97,1.79,CA,1594570283
32,Sturgeon Bay,44.83,-87.38,294.15,72,90,5.1,US,1594570283
33,Conceição do Araguaia,-8.26,-49.26,308.65,29,26,1.82,BR,1594570284
34,Liepāja,56.54,21.04,289.15,77,0,6.7,LV,1594570284
35,Vaini,-21.2,-175.2,295.15,83,40,5.1,TO,1594570284
36,Mataura,-46.19,168.86,277.04,83,72,1.34,NZ,1594570284
37,George Town,5.41,100.34,302.15,79,20,1.5,MY,1594570152
38,Mahébourg,-20.41,57.7,295.15,73,75,7.7,MU,1594570284
39,Talnakh,69.49,88.4,287.15,82,76,3.0,RU,1594570284
40,North Platte,41.12,-100.77,300.15,51,1,4.1,US,1594570285
41,Lompoc,34.64,-120.46,289.15,93,0,2.33,US,1594570219
42,Port Alfred,-33.59,26.89,289.06,47,0,8.56,ZA,1594570285
43,Hobart,-42.88,147.33,276.15,93,90,3.6,AU,1594570285
44,Maniitsoq,65.42,-52.9,281.53,74,74,5.27,GL,1594570285
45,Rikitea,-23.12,-134.97,294.75,70,0,8.12,PF,1594570285
46,Beyneu,45.32,55.2,307.33,15,0,6.98,KZ,1594570285
47,Sitka,57.05,-135.33,285.15,87,90,2.1,US,1594570285
48,Puerto Ayora,-0.74,-90.35,294.82,85,54,1.34,EC,1594570285
49,Ancud,-41.87,-73.82,282.04,93,81,1.5,CL,1594570286
50,Ushuaia,-54.8,-68.3,275.15,91,75,8.7,AR,1594570015
51,Lesnoy,57.62,63.08,293.66,68,36,2.28,RU,1594570286
52,Turan,16.07,108.22,302.15,83,20,1.0,VN,1594570286
53,Punta Arenas,-53.15,-70.92,275.93,80,20,6.2,CL,1594570286
54,Bundaberg,-24.85,152.35,290.93,82,90,2.6,AU,1594570286
55,Beringovskiy,63.05,179.32,281.99,89,92,3.43,RU,1594570286
56,Qasigiannguit,68.82,-51.19,282.15,70,69,3.1,GL,1594570287
57,Gerede,40.8,32.2,291.06,79,10,3.83,TR,1594570287
58,Rosaryville,38.76,-76.81,304.82,45,1,3.09,US,1594570287
59,Bambous Virieux,-20.34,57.76,295.37,73,75,7.7,MU,1594570287
60,Puerto Escondido,15.85,-97.07,303.15,66,75,1.5,MX,1594570287
61,Kashgar,39.45,75.98,301.15,23,20,1.0,CN,1594570287
62,Mandalgovi,45.76,106.27,292.44,57,100,1.07,MN,1594570287
63,Hermanus,-34.42,19.23,288.15,57,0,4.02,ZA,1594570287
64,Torbat-e Jām,35.24,60.62,300.57,16,0,5.69,IR,1594570287
65,Abu Samrah,35.3,37.18,304.94,29,0,8.23,SY,1594570288
66,Salalah,17.02,54.09,301.15,88,75,3.1,OM,1594570020
67,Mutsu,41.29,141.22,288.15,93,40,0.5,JP,1594570288
68,Acajutla,13.59,-89.83,301.15,61,0,1.67,SV,1594570051
69,Bandarbeyla,9.49,50.81,301.15,68,58,15.12,SO,1594570288
70,Esperance,-33.87,121.9,283.15,66,73,7.2,AU,1594569990
71,Kathu,7.92,98.33,302.04,94,40,1.0,TH,1594570289
72,Santiago del Estero,-27.8,-64.26,292.26,52,73,1.78,AR,1594570289
73,Rio Grande,-32.03,-52.1,287.15,82,75,3.6,BR,1594570289
74,Thompson,55.74,-97.86,291.15,77,40,2.6,CA,1594570289
75,Zhigansk,66.77,123.37,288.11,67,17,1.79,RU,1594570289
76,Departamento de Maldonado,-34.67,-54.92,283.71,71,46,4.6,UY,1594570289
77,Khatanga,71.97,102.5,284.51,87,100,7.12,RU,1594570289
78,Jamestown,42.1,-79.24,298.15,64,75,4.1,US,1594570289
79,Ust-Tsilma,65.44,52.15,289.37,71,66,5.78,RU,1594570289
80,Katsuura,35.13,140.3,293.71,94,75,5.1,JP,1594570290
81,Pevek,69.7,170.31,282.29,81,99,3.15,RU,1594570290
82,San Patricio,19.22,-104.7,304.15,74,40,3.1,MX,1594570290
83,Yulara,-25.24,130.99,281.15,68,0,3.6,AU,1594570290
84,Kavieng,-2.57,150.8,301.23,71,100,1.96,PG,1594570290
85,Tuktoyaktuk,69.45,-133.04,281.15,87,40,2.1,CA,1594570290
86,Dukat,62.55,155.55,283.07,85,47,0.52,RU,1594570290
87,Avarua,-21.21,-159.78,294.15,94,99,2.6,CK,1594570291
88,Wainwright,52.84,-110.86,289.37,84,61,6.83,CA,1594570291
89,Vostok,46.49,135.88,286.48,98,58,1.46,RU,1594570291
90,Quatre Cocos,-20.21,57.76,295.37,73,75,7.7,MU,1594570291
91,Flinders,-34.58,150.86,284.26,88,98,1.34,AU,1594570291
92,Wattegama,6.8,81.48,301.15,78,75,3.6,LK,1594570174
93,Mareeba,-17.0,145.43,296.15,78,40,3.1,AU,1594570291
94,Arlit,18.74,7.39,314.39,11,58,1.96,NE,1594570291
95,Nikolskoye,59.7,30.79,291.48,59,75,2.0,RU,1594570291
96,Khovd,48.01,91.64,288.86,73,94,1.5,MN,1594570292
97,Lebu,-37.62,-73.65,283.56,91,100,0.81,CL,1594570292
98,Cortez,37.35,-108.59,305.15,15,1,3.6,US,1594570292
99,New Norfolk,-42.78,147.06,275.93,91,3,0.65,AU,1594570292
100,Salinópolis,-0.61,-47.36,302.21,69,46,4.23,BR,1594570292
101,Ossora,59.24,163.07,284.07,91,84,3.33,RU,1594570292
102,Coyhaique,-45.58,-72.07,276.15,69,40,1.5,CL,1594570293
103,Bad Orb,50.23,9.35,297.04,33,72,2.24,DE,1594570293
104,Laas,46.62,10.7,293.15,34,5,3.1,IT,1594570293
105,Sennar,13.57,33.57,304.5,45,92,8.27,SD,1594570293
106,Tarbert,55.86,-5.42,292.04,77,40,5.7,GB,1594570293
107,Tiksi,71.69,128.87,287.25,90,47,2.36,RU,1594570293
108,Kavaratti,10.57,72.64,301.1,77,87,6.54,IN,1594570293
109,Saint-Philippe,-21.36,55.77,293.15,82,54,2.1,RE,1594570294
110,Loandjili,-4.76,11.86,298.15,73,20,5.7,CG,1594570294
111,Kapaa,22.08,-159.32,299.15,69,1,6.2,US,1594570189
112,Kaitangata,-46.28,169.85,275.93,76,32,3.13,NZ,1594570086
113,Tasiilaq,65.61,-37.64,281.15,70,51,4.1,GL,1594570294
114,Bethel,41.37,-73.41,300.37,61,75,4.6,US,1594570294
115,Egvekinot,66.32,-179.17,284.35,63,1,0.52,RU,1594570294
116,Rome,43.21,-75.46,299.15,65,75,5.1,US,1594570221
117,Nioro,13.35,-15.75,301.51,70,100,6.84,GM,1594570295
118,Sørland,67.67,12.69,285.15,76,20,4.1,NO,1594570295
119,Lakselv,70.05,24.97,287.15,67,20,4.6,NO,1594570295
120,Muskogee,35.58,-95.33,302.15,54,1,5.1,US,1594570295
121,Port Antonio,18.18,-76.46,304.15,66,20,8.7,JM,1594570295
122,Ribeira Grande,38.52,-28.7,298.15,65,20,5.7,PT,1594570295
123,Torbay,47.67,-52.73,292.59,72,75,7.2,CA,1594570295
124,Vila Velha,-20.33,-40.29,301.15,54,10,5.1,BR,1594570295
125,Saldanha,-33.01,17.94,290.15,51,0,7.2,ZA,1594570296
126,Chapais,49.78,-74.85,288.15,100,90,4.1,CA,1594570099
127,Aquin,18.28,-73.4,303.1,61,30,2.15,HT,1594570296
128,Harper,4.38,-7.72,298.96,71,77,3.56,LR,1594570146
129,Cayenne,4.93,-52.33,301.15,94,2,2.1,GF,1594570296
130,Turinsk,58.05,63.7,293.77,68,26,2.75,RU,1594570296
131,Arraial do Cabo,-22.97,-42.03,304.15,45,66,6.2,BR,1594570297
132,Chokurdakh,70.63,147.92,285.55,67,75,4.61,RU,1594570297
133,Carnarvon,-24.87,113.63,287.15,100,0,2.6,AU,1594570297
134,Daru,-9.08,143.21,298.25,90,99,7.23,PG,1594570297
135,Kalmunai,7.42,81.82,301.92,80,92,2.5,LK,1594570297
136,La Santisima Trinidad,-14.83,-64.9,300.15,69,20,6.2,BO,1594570297
137,Butembo,0.15,29.28,289.85,98,83,0.5,CD,1594570297
138,Port Macquarie,-31.43,152.92,282.15,93,40,2.1,AU,1594570168
139,Okhotsk,59.38,143.3,287.63,72,5,2.58,RU,1594570298
140,La Ronge,55.1,-105.28,293.15,68,75,4.1,CA,1594570298
141,Khani,41.96,42.96,299.15,74,75,7.2,GE,1594570298
142,Buriti dos Lopes,-3.17,-41.87,305.9,45,71,1.3,BR,1594570298
143,Rupert,42.62,-113.68,296.15,38,1,6.7,US,1594570298
144,Aquiraz,-3.9,-38.39,303.15,58,75,6.7,BR,1594570298
145,Nunchía,5.64,-72.2,300.26,67,68,1.63,CO,1594570298
146,Kattivākkam,13.22,80.32,301.15,83,75,1.0,IN,1594570298
147,Luwuk,-0.95,122.79,298.29,79,97,2.29,ID,1594570299
148,Barrow,71.29,-156.79,275.15,94,90,3.6,US,1594570299
149,Norman Wells,65.28,-126.83,285.15,93,90,3.6,CA,1594570299
150,Palora,-1.7,-77.93,300.37,54,2,1.43,EC,1594570299
151,Irpa Irpa,-17.72,-66.27,294.15,19,0,1.16,BO,1594570299
152,Castro,-24.79,-50.01,294.72,55,16,5.95,BR,1594570299
153,Qaqortoq,60.72,-46.03,290.15,59,98,2.6,GL,1594570300
154,Nantucket,41.28,-70.1,299.26,78,1,6.7,US,1594570171
155,Gachsaran,30.36,50.8,312.15,10,0,5.1,IR,1594570300
156,Ilulissat,69.22,-51.1,282.15,70,47,3.1,GL,1594570300
157,Severo-Kuril'sk,50.68,156.12,282.96,92,100,4.4,RU,1594570300
158,Geraldton,-28.77,114.6,285.15,66,0,6.2,AU,1594570300
159,Leningradskiy,69.38,178.42,276.67,80,0,3.75,RU,1594570300
160,Moose Factory,51.26,-80.61,284.15,93,90,3.1,CA,1594570300
161,Port Elizabeth,-33.92,25.57,291.15,36,0,5.7,ZA,1594570300
162,Assiut,27.18,31.18,312.15,27,0,5.7,EG,1594570301
163,Secunda,-26.55,29.17,283.71,41,0,0.45,ZA,1594570301
164,Alyangula,-13.85,136.42,295.15,56,94,1.5,AU,1594570301
165,Nome,64.5,-165.41,286.15,71,1,3.6,US,1594570301
166,Berbera,10.44,45.01,308.28,42,53,4.79,SO,1594570301
167,East London,-33.02,27.91,290.0,52,0,10.19,ZA,1594570301
168,Eureka,40.8,-124.16,289.26,100,0,1.78,US,1594570079
169,Mumford,5.26,-0.76,297.98,83,51,5.92,GH,1594570302
170,Dali,25.7,100.18,291.47,87,100,2.12,CN,1594570225
171,Urmary,55.68,47.94,300.15,34,0,2.0,RU,1594570302
172,Atar,20.52,-13.05,312.41,23,65,1.06,MR,1594570302
173,Najrān,17.49,44.13,311.15,10,75,5.1,SA,1594570253
174,Port Victoria,0.09,33.98,296.02,63,59,0.83,KE,1594570302
175,George Town,5.41,100.34,302.15,79,20,1.5,MY,1594570302
176,Bredasdorp,-34.53,20.04,291.15,42,0,3.1,ZA,1594570302
177,Dicabisagan,17.08,122.42,299.7,83,100,1.23,PH,1594570303
178,Souillac,-20.52,57.52,295.15,73,75,7.7,MU,1594570303
179,Jiuquan,39.74,98.52,298.09,22,83,3.82,CN,1594570303
180,Kahului,20.89,-156.47,298.15,65,1,6.7,US,1594570243
181,Straumen,63.87,11.3,286.15,71,75,8.7,NO,1594570303
182,Bousso,10.48,16.71,303.3,61,39,3.12,TD,1594570303
183,Borivka,50.46,29.55,294.82,68,20,8.0,UA,1594570303
184,Ponta do Sol,32.67,-17.1,298.15,66,0,1.04,PT,1594570304
185,Asău,46.43,26.4,286.48,86,100,2.8,RO,1594570304
186,Matara,5.95,80.54,299.74,85,91,3.89,LK,1594570304
187,Juegang,32.32,121.19,299.1,91,100,3.82,CN,1594570304
188,Gijón,43.54,-5.66,295.93,76,2,3.58,ES,1594570304
189,Mount Gambier,-37.83,140.77,279.15,93,90,2.1,AU,1594570305
190,Kyshtovka,56.55,76.63,289.56,69,1,3.37,RU,1594570305
191,Mayahi,13.96,7.67,307.26,37,73,4.32,NE,1594570305
192,Touros,-5.2,-35.46,301.15,61,40,5.7,BR,1594570305
193,Orchard Homes,46.86,-114.05,295.15,35,90,5.7,US,1594570305
194,Nova Olímpia,-14.8,-57.29,308.33,26,66,2.58,BR,1594570306
195,Saint George,37.1,-113.58,305.37,21,1,2.1,US,1594570292
196,San Rafael,-34.62,-68.33,279.29,64,100,1.27,AR,1594570306
197,Puerto Ayacucho,5.66,-67.62,300.15,83,75,1.28,VE,1594570306
198,Sittwe,20.15,92.9,301.1,85,100,4.32,MM,1594570306
199,Alcalá la Real,37.46,-3.92,311.15,17,20,2.6,ES,1594570306
200,Hithadhoo,-0.6,73.08,302.6,71,92,3.75,MV,1594570306
201,Bubaque,11.28,-15.83,298.1,91,100,10.44,GW,1594570306
202,Bereket,39.24,55.52,303.48,38,100,5.87,TM,1594570306
203,Yangi Marg`ilon,40.43,71.72,301.15,37,100,3.1,UZ,1594570307
204,Sydney,-33.87,151.21,284.26,93,75,4.1,AU,1594569821
205,Berlevåg,70.86,29.09,284.15,81,75,2.1,NO,1594570307
206,Tuatapere,-46.13,167.68,277.04,83,80,1.34,NZ,1594570307
207,Pringsewu,-5.36,104.97,296.22,90,70,0.25,ID,1594570307
208,Alenquer,-1.94,-54.74,304.15,66,40,6.2,BR,1594570307
209,‘Āhuimanu,21.44,-157.84,298.15,69,20,4.1,US,1594570307
210,Bitlis Province,38.5,42.25,294.4,42,44,1.56,TR,1594570307
211,Brae,60.4,-1.35,285.15,87,75,5.1,GB,1594570308
212,Krasnosel'kup,65.7,82.47,287.12,69,92,2.63,RU,1594570308
213,Alekseyevsk,57.84,108.35,289.71,80,83,0.6,RU,1594570308
214,Hat Yai,7.01,100.48,299.15,100,40,1.0,TH,1594570308
215,Senno,59.53,33.92,289.33,85,100,1.68,RU,1594570308
216,Nyzhnya Duvanka,49.58,38.17,300.83,63,20,4.6,UA,1594570309
217,Tateyama,34.98,139.87,294.26,91,100,7.52,JP,1594570309
218,Santa Inês,-3.67,-45.38,303.72,54,8,2.43,BR,1594570309
219,Naryan-Mar,67.67,53.09,284.34,91,100,8.96,RU,1594570309
220,Petrovskoye,57.01,39.27,291.18,81,75,4.13,RU,1594570309
221,Province of Trapani,37.83,12.67,303.15,62,0,7.7,IT,1594570309
222,Felipe Carrillo Puerto,19.58,-88.05,306.93,46,1,1.65,MX,1594570310
223,San Quintín,30.48,-115.95,297.55,61,0,3.35,MX,1594570310
224,Bengkulu,-3.8,102.27,297.86,90,99,1.68,ID,1594570310
225,Kysyl-Syr,63.9,122.76,291.17,58,22,1.13,RU,1594570310
226,Tigil',57.8,158.67,285.76,88,100,1.6,RU,1594570310
227,Hong Kong,22.29,114.16,303.15,74,27,2.24,HK,1594570288
228,Bol,13.46,14.71,299.02,75,9,5.0,TD,1594570310
229,Kumul,42.8,93.45,300.82,30,14,4.02,CN,1594570310
230,São Filipe,14.9,-24.5,297.1,76,24,4.15,CV,1594570310
231,Yumen,40.28,97.2,299.38,23,79,2.27,CN,1594570310
232,Koutsouras,35.03,25.95,303.15,40,0,5.81,GR,1594570311
233,Saskylakh,71.92,114.08,289.52,72,60,8.77,RU,1594570311
234,Makkah al Mukarramah,21.43,39.83,306.87,24,71,3.76,SA,1594570036
235,Ostrovnoy,68.05,39.51,284.39,82,87,5.74,RU,1594570311
236,Bima,-8.47,118.72,296.16,86,50,1.76,ID,1594570311
237,Presidencia Roque Sáenz Peña,-26.79,-60.44,295.3,58,0,2.54,AR,1594570311
238,Broome,42.25,-75.83,299.82,61,20,4.6,US,1594570311
239,Champerico,14.3,-91.92,303.15,66,0,3.1,GT,1594570311
240,Esim,4.87,-2.24,298.87,76,62,4.37,GH,1594570312
241,Nanortalik,60.14,-45.24,282.32,76,99,5.77,GL,1594570312
242,Grindavik,63.84,-22.43,283.15,100,75,3.6,IS,1594570304
243,Santa Fe,-31.63,-60.7,289.26,36,38,2.24,AR,1594570312
244,Vardø,70.37,31.11,282.15,81,75,7.2,NO,1594570312
245,Jaisalmer,26.91,70.92,308.25,45,4,9.38,IN,1594570312
246,Korhogo,9.45,-5.63,301.12,68,62,2.08,CI,1594570312
247,Channagiri,14.03,75.93,296.69,79,100,5.93,IN,1594570312
248,Kirkwall,58.98,-2.96,288.15,67,20,2.6,GB,1594570312
249,Olinda,-8.01,-34.86,302.15,54,40,6.7,BR,1594570312
250,Glendive,47.11,-104.71,299.26,49,1,5.1,US,1594570313
251,Iranshahr,27.2,60.68,314.15,12,20,7.2,IR,1594570313
252,Hamilton,39.18,-84.53,299.82,61,1,1.18,US,1594570043
253,Comodoro Rivadavia,-45.87,-67.5,280.15,36,20,7.7,AR,1594570313
254,Auki,-8.77,160.7,299.23,85,92,2.84,SB,1594570313
255,Bathsheba,13.22,-59.52,301.15,83,75,10.3,BB,1594570313
256,Karpogory,64.0,44.45,288.67,60,62,5.09,RU,1594570313
257,Tegul'det,57.31,88.17,289.38,79,12,2.39,RU,1594570313
258,Sumbe,-11.21,13.84,295.63,79,63,3.6,AO,1594570314
259,Hualmay,-11.1,-77.61,292.05,63,71,3.34,PE,1594570314
260,Kieta,-6.22,155.63,299.46,79,100,2.57,PG,1594570314
261,Talcahuano,-36.72,-73.12,284.15,100,90,2.1,CL,1594570314
262,Tarbagatay,51.48,107.36,292.15,77,40,0.96,RU,1594570314
263,Evensk,61.95,159.23,285.09,90,64,0.18,RU,1594570314
264,Skibbereen,51.55,-9.27,288.15,82,75,6.2,IE,1594570314
265,Walvis Bay,-22.96,14.51,295.15,40,0,3.6,NA,1594570314
266,Dvinskoy Bereznik,62.86,42.71,292.04,63,71,2.02,RU,1594570315
267,Havre-St-Pierre,50.23,-63.6,294.15,88,90,4.1,CA,1594570315
268,Jiayuguan City,39.82,98.3,298.85,21,97,3.98,CN,1594570315
269,Buala,-8.14,159.59,300.06,82,88,4.3,SB,1594570315
270,Ahipara,-35.17,173.17,285.99,87,58,3.45,NZ,1594570315
271,Sioux Lookout,50.1,-91.92,291.15,77,75,1.5,CA,1594570315
272,Ongandjera,-17.88,15.07,296.61,20,0,1.83,NA,1594570316
273,Ratnagiri,16.98,73.3,300.67,82,100,3.08,IN,1594570316
274,Narsaq,60.92,-46.05,290.15,59,99,2.6,GL,1594570316
275,Arroyo de la Encomienda,41.61,-4.8,296.15,60,75,7.7,ES,1594570316
276,Río Gallegos,-51.62,-69.22,270.15,100,0,7.7,AR,1594570316
277,Susanville,40.42,-120.65,292.15,25,1,1.09,US,1594570273
278,Verkhnyaya Inta,65.98,60.31,289.83,82,73,7.55,RU,1594570316
279,Los Llanos de Aridane,28.66,-17.92,298.15,65,20,6.2,ES,1594570316
280,Zadar,44.12,15.24,301.15,30,0,6.2,HR,1594570316
281,Centralia,46.72,-122.95,289.82,82,90,0.91,US,1594570317
282,Tura,25.52,90.22,297.3,97,74,2.83,IN,1594570317
283,Haines Junction,60.75,-137.51,284.94,62,87,1.76,CA,1594570317
284,Kropotkin,45.44,40.58,302.18,49,59,2.27,RU,1594570317
285,Kruisfontein,-34.0,24.73,285.62,39,0,2.48,ZA,1594570317
286,Vila Franca do Campo,37.72,-25.43,296.15,64,20,4.6,PT,1594570317
287,Anzio,41.49,12.62,304.26,63,0,3.13,IT,1594570317
288,Várzea da Palma,-17.6,-44.73,302.64,28,0,1.58,BR,1594570317
289,Marawi,8.0,124.29,297.59,86,100,2.24,PH,1594570318
290,Necochea,-38.55,-58.74,281.73,53,5,11.61,AR,1594570318
291,Bontang,0.13,117.5,296.87,92,99,2.47,ID,1594570082
292,Quepos,9.42,-84.17,298.15,61,75,6.2,CR,1594570318
293,Maromitsa,59.87,48.01,292.93,64,5,2.43,RU,1594570318
294,Airai,-8.93,125.41,286.9,100,98,1.88,TL,1594570318
295,Vestmannaeyjar,63.44,-20.27,283.15,100,90,4.1,IS,1594570318
296,Anadyr,64.75,177.48,283.15,76,100,3.0,RU,1594570318
297,Cuenca,-2.88,-78.98,290.52,56,40,2.46,EC,1594570233
298,Guerrero Negro,27.98,-114.06,299.63,44,0,6.35,MX,1594570319
299,Ibrā’,22.69,58.53,306.18,48,100,7.02,OM,1594570319
300,Caravelas,-17.71,-39.25,299.45,57,11,2.9,BR,1594570319
301,Nālūt,30.33,10.85,312.11,12,4,8.28,LY,1594570319
302,Takoradze,4.88,-1.76,298.68,78,53,5.0,GH,1594570319
303,Rocky Mountain House,52.37,-114.92,286.32,88,62,2.66,CA,1594570320
304,Port Lincoln,-34.73,135.87,284.87,83,0,2.55,AU,1594570287
305,Chunoyar,57.45,97.32,287.03,76,0,1.1,RU,1594570320
306,Ambilobe,-13.2,49.05,295.54,76,1,0.89,MG,1594570320
307,Wollongong,-34.43,150.88,284.26,88,100,1.34,AU,1594570200
308,Poconé,-16.26,-56.62,307.65,27,78,4.34,BR,1594570320
309,San Cristobal,7.77,-72.22,301.15,61,40,2.1,VE,1594570320
310,Shizuishan,39.23,106.77,296.38,53,0,3.99,CN,1594570321
311,Constitución,-35.33,-72.42,287.06,64,100,1.6,CL,1594570321
312,Carauari,-4.88,-66.9,300.09,87,100,0.99,BR,1594570321
313,Winnemucca,40.97,-117.74,296.15,15,1,1.5,US,1594570321
314,Manggar,-2.88,108.27,300.53,81,99,6.35,ID,1594570321
315,Baculin,7.45,126.58,298.98,78,100,2.83,PH,1594570321
316,Fengcheng,40.45,124.07,293.19,77,94,1.13,CN,1594570321
317,Monrovia,6.3,-10.8,301.15,74,75,3.1,LR,1594570321
318,Safaga,26.73,33.94,310.15,22,25,9.3,EG,1594570322
319,Mayumba,-3.43,10.66,296.01,82,96,3.41,GA,1594570322
320,Clyde River,70.47,-68.59,280.15,93,90,4.6,CA,1594570322
321,Voh,-20.97,164.7,291.1,88,1,2.33,NC,1594570322
322,Quang Ngai,15.12,108.8,299.48,85,41,1.72,VN,1594570322
323,Gizo Government Station,-8.1,156.84,301.01,78,84,4.32,SB,1594570322
324,Kamenka,51.32,42.77,303.15,41,0,1.34,RU,1594570322
325,Doha,25.29,51.53,310.93,53,14,3.1,QA,1594570323
326,Dayong,25.02,118.29,303.15,79,97,2.0,CN,1594570323
327,Hobyo,5.35,48.53,300.15,74,61,11.45,SO,1594570323
328,Buchanan,5.88,-10.05,301.15,74,75,3.1,LR,1594570323
329,Rawson,-43.3,-65.1,279.83,56,0,11.88,AR,1594570323
330,Tessalit,20.2,1.01,312.99,16,59,4.25,ML,1594570323
331,Faanui,-16.48,-151.75,298.88,78,100,7.26,PF,1594570323
332,Xining,36.62,101.77,287.44,67,17,0.47,CN,1594570195
333,Viedma,-40.81,-63.0,281.69,50,0,10.07,AR,1594570323
334,St. George's,12.06,-61.75,304.15,70,40,8.7,GD,1594570323
335,Lyuban',52.8,28.0,285.74,92,100,3.07,BY,1594570324
336,Ballina,-28.87,153.57,287.59,93,40,3.27,AU,1594570324
337,Mount Isa,-20.73,139.5,284.15,43,0,4.6,AU,1594570324
338,Adrar,20.5,-10.07,312.46,21,19,2.09,MR,1594570324
339,Two Rivers,44.15,-87.57,294.82,64,90,4.6,US,1594570236
340,Ternate,0.8,127.4,300.05,76,100,0.2,ID,1594570325
341,Micheweni,-4.97,39.83,298.16,78,0,5.6,TZ,1594570325
342,Hauterive,46.09,3.45,301.15,30,0,2.6,FR,1594570325
343,Brownsburg,39.84,-86.4,297.59,69,75,3.1,US,1594570163
344,Yudong,29.39,106.52,297.15,100,40,2.0,CN,1594570325
345,Tefé,-3.35,-64.71,301.15,88,40,3.1,BR,1594570325
346,Olafsvik,64.89,-23.71,284.14,77,87,4.78,IS,1594570325
347,Vidisha,23.53,77.82,297.15,94,75,4.1,IN,1594570325
348,Greenfield,42.96,-88.01,297.04,64,40,5.7,US,1594570026
349,Yining,29.04,114.56,298.03,89,100,1.04,CN,1594570326
350,Ust-Maya,60.42,134.53,290.0,78,4,1.49,RU,1594570326
351,Avera,33.19,-82.53,304.15,55,1,2.6,US,1594570326
352,Andenes,69.31,16.12,285.15,76,75,1.5,NO,1594570326
353,Turukhansk,65.82,87.98,286.09,79,47,1.39,RU,1594570326
354,Znamenka,52.42,41.43,297.14,63,0,2.3,RU,1594570326
355,Tadine,-21.55,167.88,294.87,82,73,7.5,NC,1594570326
356,Sambava,-14.27,50.17,295.41,83,1,5.17,MG,1594570327
357,Oxelösund,58.67,17.1,292.15,48,92,6.2,SE,1594570327
358,Fairbanks,64.84,-147.72,284.82,71,90,3.1,US,1594570327
359,El Carmen,8.51,-73.45,298.78,74,87,0.85,CO,1594570327
360,Cascais,38.7,-9.42,305.15,45,11,3.1,PT,1594570327
361,Valdivia,-39.81,-73.25,280.15,100,90,1.0,CL,1594570327
362,Newport,51.59,-3.0,295.93,44,43,0.89,GB,1594570327
363,Nelson Bay,-32.72,152.15,284.26,100,90,2.6,AU,1594570327
364,São Gabriel da Cachoeira,-0.13,-67.09,299.76,82,97,0.81,BR,1594570327
365,Sur,22.57,59.53,304.06,66,67,6.4,OM,1594570328
366,Yoichi,43.2,140.77,290.93,96,0,2.12,JP,1594570328
367,Coquimbo,-29.95,-71.34,286.15,82,37,3.6,CL,1594570078
368,Khvastovichi,53.47,35.09,302.15,45,75,1.0,RU,1594570328
369,Nexø,55.06,15.13,289.15,77,0,8.2,DK,1594570328
370,Rancho Palos Verdes,33.74,-118.39,298.15,78,5,0.83,US,1594570116
371,Ndélé,8.41,20.65,299.26,86,68,1.48,CF,1594570328
372,Husavik,66.04,-17.34,287.15,71,85,6.2,IS,1594570329
373,Ciudad Bolivar,8.12,-63.55,303.15,62,42,2.86,VE,1594570314
374,Chardara,41.25,67.97,304.23,26,0,7.54,KZ,1594570329
375,Nyurba,63.28,118.33,289.9,70,26,0.87,RU,1594570329
376,Vershino-Shakhtaminskiy,51.3,117.89,288.23,88,100,0.76,RU,1594570329
377,Kedrovyy,56.17,91.82,288.15,87,1,1.0,RU,1594570329
378,Shache,38.42,77.24,299.66,21,100,1.66,CN,1594570329
379,Goryachiy Klyuch,44.63,39.13,310.37,28,40,2.0,RU,1594570329
380,Madang,-5.22,145.8,297.87,87,97,1.07,PG,1594570329
381,Lagoa,39.05,-27.98,293.51,78,0,7.81,PT,1594570329
382,Vermillion,42.78,-96.93,297.15,69,1,0.95,US,1594570330
383,Thiene,45.71,11.48,299.82,43,89,0.45,IT,1594570330
384,Sungai Penuh,-2.08,101.38,291.54,94,87,0.94,ID,1594570330
385,Wagar,16.15,36.2,312.7,19,6,5.15,SD,1594570330
386,Dingle,11.0,122.67,298.64,87,89,1.05,PH,1594570329
387,Celestún,20.87,-90.4,303.1,62,0,3.54,MX,1594570330
388,Tiznit Province,29.58,-9.5,308.67,22,63,4.07,MA,1594570330
389,Guiratinga,-16.35,-53.76,305.12,27,54,3.02,BR,1594570331
390,Ambulu,-8.35,113.61,296.77,88,46,1.55,ID,1594570331
391,Pisco,-13.7,-76.22,290.37,77,6,2.6,PE,1594570331
392,Marrakesh,31.63,-8.01,314.15,20,40,2.1,MA,1594570057
393,Filingué,14.35,3.32,310.17,30,3,4.61,NE,1594570331
394,Shimoda,34.67,138.95,291.48,95,100,0.45,JP,1594570331
395,Cherskiy,68.75,161.3,282.1,95,99,1.08,RU,1594570331
396,Luganville,-15.53,167.17,298.15,88,75,2.6,VU,1594570332
397,Codrington,-38.27,141.97,279.77,91,0,1.34,AU,1594570332
398,Berdigestyakh,62.1,126.7,294.16,88,1,1.32,RU,1594570332
399,Sola,-13.88,167.55,300.15,83,75,5.1,VU,1594570332
400,Provideniya,64.38,-173.3,282.8,67,4,1.03,RU,1594570326
401,Tilichiki,60.47,166.1,281.89,100,89,2.16,RU,1594570332
402,Mitsamiouli,-11.38,43.28,298.65,75,1,2.59,KM,1594570332
403,Cabedelo,-6.98,-34.83,302.15,58,20,7.2,BR,1594570332
404,Praia da Vitória,38.73,-27.07,297.15,57,20,5.63,PT,1594570332
405,Atambua,-9.11,124.89,294.83,83,88,2.79,ID,1594570333
406,Kamaishi,39.27,141.88,289.38,87,29,2.69,JP,1594570333
407,Nago,26.59,127.98,301.15,88,1,3.1,JP,1594570333
408,Deputatsky,69.3,139.9,284.83,70,13,1.48,RU,1594570333
409,Jagtiāl,18.8,78.93,301.59,74,100,1.37,IN,1594570333
410,Thinadhoo,0.53,72.93,302.75,69,66,2.93,MV,1594570333
411,Porto-Novo,6.5,2.6,300.15,83,40,5.7,BJ,1594570333
412,Nuevo Progreso,23.17,-97.95,306.48,71,57,3.13,MX,1594570333
413,Bilibino,68.05,166.44,287.62,87,99,0.51,RU,1594570333
414,San Andrés,12.58,-81.7,300.15,78,75,9.8,CO,1594570334
415,Kenai,60.55,-151.26,285.15,93,90,5.7,US,1594570334
416,Mayo,38.89,-76.51,303.71,48,1,3.6,US,1594570334
417,São João da Barra,-21.64,-41.05,300.15,51,50,4.1,BR,1594570181
418,Oxapampa,-10.58,-75.4,294.81,60,30,1.98,PE,1594570334
419,Camocim,-2.9,-40.84,304.83,49,65,3.65,BR,1594570334
420,Alamosa,37.47,-105.87,295.15,33,1,2.1,US,1594570201
421,Kitimat,54.05,-128.65,283.15,93,75,4.6,CA,1594570335
422,Maceió,-9.67,-35.74,301.15,61,40,6.7,BR,1594570335
423,Tsabong,-26.02,22.4,286.9,31,0,4.63,BW,1594570335
424,Helena,46.59,-112.04,297.15,31,1,5.7,US,1594570165
425,Bila Tserkva,49.81,30.11,291.06,88,79,8.08,UA,1594570104
426,Seoul,37.57,126.98,295.15,83,90,2.1,KR,1594569751
427,Songjianghe,42.19,127.48,288.21,90,100,1.3,CN,1594570335
428,Port Hardy,50.7,-127.42,285.15,93,90,2.1,CA,1594570335
429,Yar-Sale,66.83,70.83,288.2,67,67,1.88,RU,1594570335
430,Diapaga,12.07,1.79,308.17,36,40,1.38,BF,1594570335
431,Bonavista,48.65,-53.11,291.48,77,59,3.13,CA,1594570336
432,Qui Nhon,13.77,109.23,300.7,81,43,2.1,VN,1594570336
433,Kaeo,-35.1,173.78,283.15,3,61,0.89,NZ,1594570336
434,Pathein,16.78,94.73,300.25,87,100,1.78,MM,1594570336
435,Russell,32.35,-85.2,305.37,58,1,2.27,US,1594570336
436,‘Ewa Beach,21.32,-158.01,298.15,73,1,2.1,US,1594570158
437,Tynda,55.17,124.72,292.86,67,17,0.39,RU,1594570337
438,Diamantino,-14.41,-56.45,306.17,30,94,3.0,BR,1594570337
439,Biak,-0.91,122.88,298.01,82,88,2.9,ID,1594570337
440,Yatou,37.15,122.38,293.73,91,100,9.78,CN,1594570337
441,São José do Calçado,-21.03,-41.65,300.36,40,61,2.82,BR,1594570337
442,Sisimiut,66.94,-53.67,284.86,53,87,5.18,GL,1594570338
443,Taltal,-25.4,-70.48,290.99,54,16,1.37,CL,1594570338
444,Cidreira,-30.18,-50.21,288.37,95,88,2.87,BR,1594570238
445,Idrinskoye,54.37,92.14,287.61,79,79,1.31,RU,1594570338
446,La Paz,-16.5,-68.15,283.15,4,0,2.1,BO,1594569787
447,Moerai,-22.43,-151.33,296.39,78,15,2.87,PF,1594570338
448,Zhezkazgan,47.8,67.71,303.54,34,6,3.88,KZ,1594570338
449,Richards Bay,-28.78,32.04,288.69,59,11,1.35,ZA,1594570338
450,Trincomalee,8.57,81.23,300.96,75,68,6.46,LK,1594570338
451,Mnogovershinnyy,53.94,139.92,283.09,96,93,0.55,RU,1594570338
452,Roebourne,-20.78,117.13,291.52,27,0,5.1,AU,1594570338
453,Bafoulabé,13.81,-10.83,307.51,45,91,0.7,ML,1594570339
454,Taoudenni,22.68,-3.98,316.0,16,75,2.06,ML,1594570339
455,Hūn,29.13,15.95,310.1,16,0,6.23,LY,1594570146
456,Tazovsky,67.47,78.7,284.55,70,100,1.17,RU,1594570339
457,Methóni,36.82,21.7,302.59,54,20,2.1,GR,1594570339
458,Bakel,14.9,-12.46,308.27,41,47,2.88,SN,1594570339
459,Pierre,44.37,-100.35,295.15,73,1,3.6,US,1594570113
460,Feicheng,35.26,117.97,292.88,92,100,2.05,CN,1594570339
461,Tàrrega,41.65,1.14,305.37,59,20,5.81,ES,1594570340
462,Battle Creek,42.32,-85.18,297.59,60,90,2.6,US,1594570340
463,Cosalá,24.41,-106.69,302.59,87,94,3.13,MX,1594570340
464,Langxiang,46.95,128.88,290.66,91,0,0.78,CN,1594570340
465,Midleton,51.92,-8.18,289.82,82,75,6.2,IE,1594570340
466,College,64.86,-147.8,284.82,71,75,2.1,US,1594570330
467,Werda,-25.27,23.28,286.76,29,0,3.22,BW,1594570341
468,Bonthe,7.53,-12.51,300.0,76,92,6.06,SL,1594570341
469,Gediz,39.04,29.41,299.69,42,44,5.39,TR,1594570341
470,Teya,60.38,92.63,289.48,78,99,1.77,RU,1594570341
471,Macao,22.2,113.55,303.15,84,20,5.1,MO,1594570341
472,Shubarshi,48.59,57.19,307.22,24,54,2.5,KZ,1594570341
473,Søgne,58.08,7.82,291.15,59,75,4.1,NO,1594570341
474,Caetité,-14.07,-42.48,298.78,36,4,3.89,BR,1594570341
475,Acaraú,-2.89,-40.12,303.55,55,29,4.82,BR,1594570342
476,Amapá,1.0,-52.0,304.43,52,18,2.24,BR,1594570342
477,Rabo de Peixe,37.8,-25.58,296.15,64,20,4.6,PT,1594570342
478,Bagdarin,54.43,113.6,286.97,88,86,0.93,RU,1594570342
479,Washougal,45.58,-122.35,291.48,63,90,0.56,US,1594570342
480,Wolfenbüttel,52.17,10.55,294.15,35,16,4.1,DE,1594570342
481,Srednekolymsk,67.45,153.68,285.65,73,0,0.78,RU,1594570326
482,Darnah,32.77,22.64,298.62,72,0,10.07,LY,1594570342
483,Uvira,-3.41,29.15,298.96,57,18,3.62,CD,1594570342
484,Kodinsk,58.69,99.18,287.36,74,53,1.08,RU,1594570335
485,Lumphat,13.49,106.98,297.74,96,100,0.83,KH,1594570343
486,Santa Maria,-29.68,-53.81,290.0,93,93,2.57,BR,1594570236
487,Fortuna,40.6,-124.16,289.82,87,1,2.17,US,1594570343
488,Mykolayiv,46.97,32.0,305.15,27,0,2.0,UA,1594570343
489,Suntar,62.14,117.63,290.63,89,61,1.3,RU,1594570325
490,Port Hedland,-20.32,118.57,287.15,28,2,3.1,AU,1594570343
491,Pitkyaranta,61.57,31.48,290.13,64,100,3.37,RU,1594570344
492,Ubari,26.59,12.78,312.32,8,0,5.73,LY,1594570344
493,Saint-Augustin,51.23,-58.65,289.1,95,100,6.87,CA,1594570344
494,Solnechnyy,50.72,136.63,288.88,82,3,1.27,RU,1594570344
495,Binga,-17.62,27.34,293.69,31,0,0.67,ZW,1594570344
496,Oddur,4.12,43.89,299.97,59,94,7.98,SO,1594570344
497,Bogomila,41.59,21.47,296.15,53,20,11.8,MK,1594570344
498,Plettenberg Bay,-34.05,23.37,289.29,40,0,2.6,ZA,1594570344
499,Matadi,-5.82,13.45,304.84,38,10,3.39,CD,1594570344
500,Petropavlovsk-Kamchatskiy,53.05,158.65,286.15,100,75,2.0,RU,1594570345
501,Lampazos de Naranjo,27.02,-100.52,306.96,38,0,0.61,MX,1594570345
502,Guadalajara,20.67,-103.33,295.93,73,75,1.5,MX,1594570179
503,Maltahöhe,-24.83,16.98,291.67,22,0,6.08,NA,1594570345
504,Parakai,-36.65,174.43,285.37,92,94,0.45,NZ,1594570345
505,Labuhan,-6.88,112.21,299.24,81,94,2.91,ID,1594570345
506,Chegutu,-18.13,30.14,290.94,29,0,4.29,ZW,1594570346
507,Kiryat Gat,31.61,34.76,302.59,63,0,0.45,IL,1594570332
508,Tashtyp,52.79,89.9,286.85,86,4,0.87,RU,1594570346
509,Naze,28.37,129.48,300.15,94,99,2.6,JP,1594570346
510,San Jose,37.34,-121.89,296.48,68,5,1.04,US,1594570084
511,Kirakira,-10.45,161.92,299.25,84,87,6.09,SB,1594570346
512,Bilma,18.69,12.92,312.76,17,47,1.38,NE,1594570346
513,Padang,-0.95,100.35,299.06,79,93,2.27,ID,1594570346
514,Fukagawa,43.71,142.04,287.63,81,54,0.94,JP,1594570347
515,Kiunga,-6.12,141.29,295.52,98,84,0.26,PG,1594570347
516,Araouane,18.9,-3.53,313.55,18,12,2.29,ML,1594570347
517,Mocuba,-16.84,36.99,293.96,85,14,4.45,MZ,1594570347
518,Nerchinskiy Zavod,51.31,119.61,290.78,44,26,0.8,RU,1594570347
519,Huarmey,-10.07,-78.15,292.45,66,56,3.36,PE,1594570347
520,Taicheng,38.73,113.23,289.18,89,80,0.11,CN,1594570347
521,Puerto Madero,14.72,-92.42,302.15,79,5,1.0,MX,1594570348
522,Konëvo,62.12,39.32,292.38,58,75,1.68,RU,1594570348
523,Uthal,25.81,66.62,302.15,75,43,6.6,PK,1594570348
524,Nishihara,26.18,127.76,302.15,88,20,4.1,JP,1594570348
525,Ferkessédougou,9.6,-5.2,302.46,62,50,2.65,CI,1594570348
526,Okahandja,-21.98,16.92,294.15,13,0,4.1,NA,1594570348
527,Kimbe,-5.55,150.14,297.26,88,100,1.98,PG,1594570203
528,Sarkand,45.41,79.92,289.22,52,22,2.27,KZ,1594570348
529,Hanna,51.63,-111.9,292.59,62,0,3.13,CA,1594570349
530,Oriximiná,-1.77,-55.87,305.11,53,63,2.84,BR,1594570349
531,Torit,4.41,32.57,297.5,77,38,1.44,SS,1594570205
532,Xiuyan,40.29,123.27,292.69,86,94,0.9,CN,1594570349
533,Vao,-22.67,167.48,294.88,81,1,9.5,NC,1594570349
534,Mehamn,71.04,27.85,284.15,71,43,2.6,NO,1594570349
535,Shestakovo,56.49,103.96,288.04,71,2,1.41,RU,1594570349
536,Baisha,26.52,110.93,297.7,81,99,1.73,CN,1594570349
537,Severobaykal'sk,55.65,109.32,288.43,75,3,1.52,RU,1594570349
538,Mackenzie,55.3,-123.17,283.15,81,97,3.6,CA,1594570350
539,Burgthann,49.35,11.31,295.93,30,57,2.1,DE,1594570350
540,Uíge,-7.61,15.06,296.15,69,20,4.1,AO,1594570350
541,Yerbogachën,61.28,108.01,286.9,79,1,1.31,RU,1594570350
542,Kodino,63.72,39.64,291.33,63,53,1.33,RU,1594570350
543,Plattsburgh,44.7,-73.45,299.15,65,75,3.1,US,1594570211
544,Belmonte,-15.86,-38.88,298.15,69,40,2.6,BR,1594570350
545,Abalak,58.13,68.59,292.1,68,5,2.21,RU,1594570324
